{"cameraMode":{"drawMode":0,"name":"Shaded","section":"Shading Mode"},"sceneLighting":true,"audioPlay":false,"sceneViewState":{"m_AlwaysRefresh":false,"showFog":true,"showSkybox":true,"showFlares":true,"showImageEffects":true,"showParticleSystems":true,"showVisualEffectGraphs":true,"m_FxEnabled":true},"in2DMode":false,"pivot":{"x":578.54248046875,"y":41.864681243896487,"z":177.79940795898438},"rotation":{"x":-0.19891659915447236,"y":0.06697781383991242,"z":-0.013450590893626213,"w":-0.9777075052261353},"size":55.957481384277347,"orthographic":false}