{"cameraMode":{"drawMode":0,"name":"Shaded","section":"Shading Mode"},"sceneLighting":false,"audioPlay":false,"sceneViewState":{"m_AlwaysRefresh":false,"showFog":true,"showSkybox":false,"showFlares":true,"showImageEffects":true,"showParticleSystems":true,"showVisualEffectGraphs":true,"m_FxEnabled":true},"in2DMode":false,"pivot":{"x":1.8439931869506837,"y":0.5911632776260376,"z":-0.08751082420349121},"rotation":{"x":0.22823019325733186,"y":-0.25134384632110598,"z":0.06107481196522713,"w":0.9386919140815735},"size":0.8660253882408142,"orthographic":false}