{"cameraMode":{"drawMode":0,"name":"Shaded","section":"Shading Mode"},"sceneLighting":false,"audioPlay":false,"sceneViewState":{"m_AlwaysRefresh":false,"showFog":true,"showSkybox":false,"showFlares":true,"showImageEffects":true,"showParticleSystems":true,"showVisualEffectGraphs":true,"m_FxEnabled":true},"in2DMode":false,"pivot":{"x":8.940696716308594e-8,"y":0.5939485430717468,"z":0.09668874740600586},"rotation":{"x":-0.16569724678993226,"y":0.02483622543513775,"z":-0.004621506668627262,"w":-0.9860293865203857},"size":2.1985037326812746,"orthographic":true}