{"cameraMode":{"drawMode":0,"name":"Shaded","section":"Shading Mode"},"sceneLighting":false,"audioPlay":false,"sceneViewState":{"m_AlwaysRefresh":false,"showFog":true,"showSkybox":false,"showFlares":true,"showImageEffects":true,"showParticleSystems":true,"showVisualEffectGraphs":true,"m_FxEnabled":true},"in2DMode":false,"pivot":{"x":4.68333101272583,"y":2.5918307304382326,"z":-0.9947378039360046},"rotation":{"x":0.24707022309303285,"y":-0.07896234095096588,"z":0.02045813761651516,"w":0.9656775593757629},"size":2.7557177543640138,"orthographic":false}